Activity Type, User ID, RM ID, User OS, Viewing App, User Groups,Shared Date, Shared Time, Title of Content, Share Channel, Viewed, Time Spent in Seconds, Last Activity Date, Last Activity Time,,
VIEW,1051909,,MAC_OS_X_IPHONE,APPLE_WEB_KIT,,,,Mutual Fund Online - I,,1,5,25-Aug-2017,19:29:04,,
VIEW,1052025,,MAC_OS_X_IPHONE,APPLE_WEB_KIT,,,,SWIFT CODES JPY,,1,120,25-Aug-2017,9:53:39,,SWIFT CODES JPY
VIEW,1052025,,MAC_OS_X_IPHONE,APPLE_WEB_KIT,,,,Q1FY17 Press Release_Final,,1,120,25-Aug-2017,9:41:15,,Q1FY17 Press Release_Final
SHARE,1057837,1051973,,,"All Users ,FA - NCR 2 ",23-Aug-2017,20:40:49,ICICI Pru Balanced,ANDROID,0,0,23-Aug-2017,20:40:49,,GIB Knowledge Series
SHARE,1057837,1051973,,,"All Users ,FA - NCR 2 ",23-Aug-2017,20:40:49,ICICI Pru Balanced,ANDROID,0,0,23-Aug-2017,20:40:49,,
SHARE,1057837,1051973,,,"All Users ,FA - NCR 2 ",23-Aug-2017,20:40:49,ICICI Pru Balanced,ANDROID,0,0,23-Aug-2017,20:40:49,,
VIEW,1051973,,ANDROID4,CHROME_MOBILE,,,,ICICI Pru Balanced,,1,120,23-Aug-2017,20:39:43,,
VIEW,1052025,,MAC_OS_X_IPHONE,APPLE_WEB_KIT,,,,GIB Knowledge Series,,1,220,17-Aug-2017,20:43:48,,GIB Knowledge Series
VIEW,1051913,,MAC_OS_X_IPHONE,APPLE_WEB_KIT,,,,Mutual Fund Online - I,,1,5,12-Aug-2017,21:22:24,,
VIEW,1051913,,MAC_OS_X_IPHONE,APPLE_WEB_KIT,,,,Reliance Arbitrage Adv,,1,10,12-Aug-2017,21:07:16,,
VIEW,1051905,,MAC_OS_X_IPHONE,APPLE_WEB_KIT,,,,User Manual,,1,35,11-Aug-2017,22:52:17,,
VIEW,1052009,,ANDROID6,CHROME_MOBILE,,,,Verification of KYC documents through Webcam for GIB account opening,,1,10,11-Aug-2017,11:55:42,,
VIEW,1051977,,MAC_OS_X_IPHONE,APPLE_WEB_KIT,,,,SBI Bluechip Reg,,1,15,10-Aug-2017,9:59:15,,
VIEW,1052009,,ANDROID6,CHROME_MOBILE,,,,Q1FY17 Press Release_Final,,1,5,10-Aug-2017,9:58:48,,
VIEW,1052009,,ANDROID6,CHROME_MOBILE,,,,GIB Knowledge Series,,1,5,10-Aug-2017,9:58:26,,
VIEW,1052009,,ANDROID6,CHROME_MOBILE,,,,Did You Know Series,,1,10,10-Aug-2017,9:57:28,,
VIEW,1052009,,ANDROID6,CHROME_MOBILE,,,,YES REMIT_KNOWLEDGE SERIES,,1,45,10-Aug-2017,9:56:36,,
SHARE,1057621,1051897,,,"All Users ,FA - NCR 3 ",9-Aug-2017,10:57:24,SBI Bluechip Reg,ANDROID,1,40,9-Aug-2017,20:37:07,,
VIEW,1057621,,MAC_OS_X_IPHONE,MOBILE_SAFARI,,,,SBI Bluechip Reg,,1,10,9-Aug-2017,20:36:40,,
VIEW,1057621,,MAC_OS_X_IPHONE,MOBILE_SAFARI,,,,SBI Bluechip Reg,,1,15,9-Aug-2017,20:27:33,,
SHARE,1057769,1052025,,,"All Users ,FA - GIB ",9-Aug-2017,18:31:45,SWIFT CODES USD,IOS,1,105,9-Aug-2017,18:42:07,,
VIEW,1052025,,MAC_OS_X_IPHONE,APPLE_WEB_KIT,,,,Q1FY17 Press Release_Final,,1,25,9-Aug-2017,18:42:01,,User Manual
VIEW,1052025,,MAC_OS_X_IPHONE,APPLE_WEB_KIT,,,,User Manual,,1,15,9-Aug-2017,18:40:53,,Feedback Form - I
VIEW,1057769,,MAC_OS_X_IPHONE,MOBILE_SAFARI,,,,SWIFT CODES USD,,1,105,9-Aug-2017,18:40:08,,
VIEW,1052025,,MAC_OS_X_IPHONE,APPLE_WEB_KIT,,,,Feedback Form - I,,1,35,9-Aug-2017,18:39:49,,
VIEW,1052025,,MAC_OS_X_IPHONE,APPLE_WEB_KIT,,,,SWIFT CODES USD,,1,15,9-Aug-2017,18:31:24,,
VIEW,1052025,,MAC_OS_X_IPHONE,APPLE_WEB_KIT,,,,GIB Knowledge Series,,1,10,9-Aug-2017,18:30:58,,
VIEW,1051973,,ANDROID4,CHROME_MOBILE,,,,ICICI Pru Balanced,,1,120,9-Aug-2017,17:55:06,,
VIEW,1051977,,MAC_OS_X_IPHONE,APPLE_WEB_KIT,,,,Feedback Form - II,,1,15,9-Aug-2017,17:00:51,,
VIEW,1051977,,MAC_OS_X_IPHONE,APPLE_WEB_KIT,,,,Feedback Form - I,,1,40,9-Aug-2017,17:00:03,,
SHARE,1057752,1051977,,,"All Users ,FA - NCR 2 ",9-Aug-2017,16:52:34,ICICI Pru Dynamic Bond,IOS,1,55,9-Aug-2017,16:55:07,,
VIEW,1057752,,ANDROID_MOBILE,CHROME_MOBILE,,,,ICICI Pru Dynamic Bond,,1,55,9-Aug-2017,16:53:31,,
SHARE,1057743,1051977,,,"All Users ,FA - NCR 2 ",9-Aug-2017,16:51:32,ICICI Pru Dynamic Bond,IOS,0,0,9-Aug-2017,16:51:32,,
VIEW,1051977,,MAC_OS_X_IPHONE,APPLE_WEB_KIT,,,,ICICI Pru Dynamic Bond,,1,40,9-Aug-2017,16:50:58,,
VIEW,1051977,,MAC_OS_X_IPHONE,APPLE_WEB_KIT,,,,Mutual Fund Online - I,,1,10,9-Aug-2017,16:49:26,,
VIEW,1051929,,MAC_OS_X_IPHONE,APPLE_WEB_KIT,,,,Feedback Form - II,,1,55,9-Aug-2017,15:59:30,,
VIEW,1051929,,MAC_OS_X_IPHONE,APPLE_WEB_KIT,,,,Feedback Form - I,,1,125,9-Aug-2017,15:59:21,,
SHARE,1051929,1051981,,,"All Users ,FA - NCR 2 ",9-Aug-2017,15:39:41,Equity And Balanced Fund,ANDROID,1,15,9-Aug-2017,15:59:07,,
VIEW,1051929,,MAC_OS_X_IPHONE,APPLE_WEB_KIT,,,,Mutual Fund  Online - III,,1,5,9-Aug-2017,15:58:21,,
VIEW,1051929,,MAC_OS_X_IPHONE,APPLE_WEB_KIT,,,,Mutual Fund Online - II,,1,10,9-Aug-2017,15:58:05,,
VIEW,1051929,,MAC_OS_X_IPHONE,APPLE_WEB_KIT,,,,YES FIRST Proposition Document,,1,10,9-Aug-2017,15:55:08,,
VIEW,1051981,,ANDROID6,CHROME_MOBILE,,,,Q1FY17 Press Release_Final,,1,5,9-Aug-2017,15:47:46,,
VIEW,1051981,,ANDROID6,CHROME_MOBILE,,,,Key Aspects of GST,,1,15,9-Aug-2017,15:42:37,,
VIEW,1051981,,ANDROID6,CHROME_MOBILE,,,,Mutual Fund Online - II,,1,5,9-Aug-2017,15:41:41,,
SHARE,1051981,1051929,,,"All Users ,SFA - Yes First ",9-Aug-2017,15:41:16,Key Aspects of GST,IOS,1,20,9-Aug-2017,15:41:16,,
VIEW,1051929,,MAC_OS_X_IPHONE,APPLE_WEB_KIT,,,,Key Aspects of GST,,1,30,9-Aug-2017,15:40:55,,
VIEW,1051929,,MAC_OS_X_IPHONE,MOBILE_SAFARI,,,,SBI Bluechip Reg,,1,5,9-Aug-2017,15:40:38,,
VIEW,1051929,,MAC_OS_X_IPHONE,MOBILE_SAFARI,,,,ICICI Pru Focused Bluechip Eq,,1,10,9-Aug-2017,15:40:22,,
SHARE,1057704,1051929,,,"All Users ,SFA - Yes First ",9-Aug-2017,15:37:49,Key Aspects of GST,IOS,0,0,9-Aug-2017,15:37:49,,
VIEW,1051905,,MAC_OS_X_IPHONE,MOBILE_SAFARI,,,,SBI Bluechip Reg,,1,5,9-Aug-2017,15:14:15,,
SHARE,1057691,1052009,,,"All Users ,FA - GIB ",9-Aug-2017,14:56:49,SWIFT CODES GBP,ANDROID,1,20,9-Aug-2017,14:58:07,,
VIEW,1057691,,ANDROID_MOBILE,CHROME_MOBILE,,,,SWIFT CODES GBP,,1,20,9-Aug-2017,14:57:14,,
VIEW,1052009,,ANDROID6,CHROME_MOBILE,,,,SWIFT CODES GBP,,1,120,9-Aug-2017,14:54:09,,
SHARE,1057672,1051905,,,"All Users ,FA - NCR 3 ",9-Aug-2017,13:02:41,LnT Equity,ANDROID,0,0,9-Aug-2017,13:02:41,,
VIEW,1051905,,ANDROID_MOBILE,CHROME_MOBILE,,,,LnT Equity,,1,20,9-Aug-2017,13:02:33,,
SHARE,1057672,1051905,,,"All Users ,FA - NCR 3 ",9-Aug-2017,12:58:33,SBI Bluechip Reg,ANDROID,1,5,9-Aug-2017,13:01:07,,
VIEW,1057672,,ANDROID_MOBILE,CHROME_MOBILE,,,,SBI Bluechip Reg,,1,5,9-Aug-2017,13:00:29,,
SHARE,1051905,1051905,,,"All Users ,FA - NCR 3 ",9-Aug-2017,12:54:38,SBI Bluechip Reg,IOS,1,165,9-Aug-2017,12:54:38,,
VIEW,1051905,,MAC_OS_X_IPHONE,APPLE_WEB_KIT,,,,SBI Bluechip Reg,,1,160,9-Aug-2017,12:53:38,,
VIEW,1051905,,MAC_OS_X_IPHONE,APPLE_WEB_KIT,,,,YES FIRST Proposition Document,,1,5,9-Aug-2017,12:53:21,,
VIEW,1051905,,MAC_OS_X_IPHONE,APPLE_WEB_KIT,,,,FAQs - Yes PULSE,,1,65,9-Aug-2017,12:51:43,,
VIEW,1051905,,MAC_OS_X_IPHONE,APPLE_WEB_KIT,,,,Goal Sheets_FA.xlsx,,1,25,9-Aug-2017,12:49:01,,
SHARE,1057648,1051909,,,"All Users ,FA - NCR 3 ",9-Aug-2017,12:07:50,DSP BlackRock Balanced Reg,IOS,1,120,9-Aug-2017,12:13:07,,
VIEW,1057648,,MAC_OS_X_IPHONE,MOBILE_SAFARI,,,,DSP BlackRock Balanced Reg,,1,120,9-Aug-2017,12:10:20,,
VIEW,1051909,,MAC_OS_X_IPHONE,APPLE_WEB_KIT,,,,FA Introduction Letter,,1,5,9-Aug-2017,12:09:08,,
VIEW,1051909,,MAC_OS_X_IPHONE,APPLE_WEB_KIT,,,,DSP BlackRock Balanced Reg,,1,10,9-Aug-2017,12:07:17,,
VIEW,1051909,,MAC_OS_X_IPHONE,APPLE_WEB_KIT,,,,ICICI Pru Focused Bluechip Eq,,1,25,9-Aug-2017,12:03:51,,
VIEW,1057621,,MAC_OS_X_IPHONE,MOBILE_SAFARI,,,,SBI Bluechip Reg,,1,15,9-Aug-2017,11:50:32,,
SHARE,1057634,1051897,,,"All Users ,FA - NCR 3 ",9-Aug-2017,10:59:38,SBI Bluechip Reg,ANDROID,0,0,9-Aug-2017,10:59:38,,
SHARE,1057621,1051897,,,"All Users ,FA - NCR 3 ",9-Aug-2017,10:58:02,SBI Bluechip Reg,ANDROID,1,40,9-Aug-2017,10:58:02,,
VIEW,1051897,,ANDROID5,CHROME_MOBILE,,,,SBI Bluechip Reg,,1,110,9-Aug-2017,10:56:40,,
SHARE,1057601,1051973,,,"All Users ,FA - NCR 2 ",8-Aug-2017,12:10:52,Birla Sun Life MNC,ANDROID,1,15,8-Aug-2017,12:12:07,,
VIEW,1057601,,ANDROID6,CHROME_MOBILE,,,,Birla Sun Life MNC,,1,15,8-Aug-2017,12:11:30,,
VIEW,1051973,,ANDROID4,CHROME_MOBILE,,,,Birla Sun Life MNC,,1,70,8-Aug-2017,12:10:40,,
VIEW,1051973,,ANDROID4,CHROME_MOBILE,,,,Mutual Fund  Online - III,,1,15,8-Aug-2017,12:01:19,,
VIEW,1051973,,ANDROID4,CHROME_MOBILE,,,,Mutual Fund Online - I,,1,10,8-Aug-2017,12:01:06,,
SHARE,1057590,1051973,,,"All Users ,FA - NCR 2 ",8-Aug-2017,11:59:44,Franklin India Taxshield,ANDROID,0,0,8-Aug-2017,11:59:44,,
VIEW,1051973,,ANDROID4,CHROME_MOBILE,,,,Franklin India Taxshield,,1,75,8-Aug-2017,11:59:09,,
SHARE,1057580,1051981,,,"All Users ,FA - NCR 2 ",8-Aug-2017,11:03:49,Reliance Dynamic Bond,ANDROID,0,0,8-Aug-2017,11:03:49,,
VIEW,1051981,,ANDROID6,CHROME_MOBILE,,,,Reliance Dynamic Bond,,1,5,8-Aug-2017,11:03:32,,
VIEW,1051981,,ANDROID6,CHROME_MOBILE,,,,ICICI Pru Corp Bond,,1,5,8-Aug-2017,11:03:13,,
VIEW,1051981,,ANDROID6,CHROME_MOBILE,,,,Mutual Fund Online - II,,1,15,8-Aug-2017,11:02:39,,
SHARE,1057568,1051981,,,"All Users ,FA - NCR 2 ",8-Aug-2017,11:02:07,Wealth,ANDROID,0,0,8-Aug-2017,11:02:07,,
SHARE,1057557,1051981,,,"All Users ,FA - NCR 2 ",8-Aug-2017,10:11:51,ICICI Pru Focused Bluechip Eq,ANDROID,0,0,8-Aug-2017,10:11:51,,
VIEW,1051981,,ANDROID6,CHROME_MOBILE,,,,DHFL Pramerica Sht Mty,,1,5,8-Aug-2017,10:07:42,,
VIEW,1051981,,ANDROID6,CHROME_MOBILE,,,,Key Aspects of GST,,1,5,8-Aug-2017,10:07:06,,
VIEW,1051981,,ANDROID6,CHROME_MOBILE,,,,Mutual Fund Online - I,,1,10,8-Aug-2017,10:06:48,,
VIEW,1051973,,ANDROID4,CHROME_MOBILE,,,,Franklin India Taxshield,,1,80,7-Aug-2017,23:15:44,,
SHARE,1057530,1051973,,,"All Users ,FA - NCR 2 ",7-Aug-2017,23:14:53,ICICI Pru Balanced,ANDROID,0,0,7-Aug-2017,23:14:53,,
VIEW,1051973,,ANDROID4,CHROME_MOBILE,,,,ICICI Pru Balanced,,1,120,7-Aug-2017,23:11:42,,
VIEW,1051973,,ANDROID4,CHROME_MOBILE,,,,Mutual Fund Online - I,,1,10,7-Aug-2017,23:10:03,,
VIEW,1051893,,MAC_OS_X_IPHONE,APPLE_WEB_KIT,,,,Feedback Form - I,,1,120,5-Aug-2017,10:05:04,,
VIEW,1051893,,MAC_OS_X_IPHONE,APPLE_WEB_KIT,,,,Feedback Form - II,,1,120,5-Aug-2017,10:04:20,,
VIEW,1051913,,MAC_OS_X_IPHONE,APPLE_WEB_KIT,,,,Reliance Arbitrage Adv,,1,80,4-Aug-2017,8:37:41,,
SHARE,1057493,1051893,,,"All Users ,FA - NCR 2 ",3-Aug-2017,16:39:05,ICICI Pru Focused Bluechip Eq,IOS,1,15,3-Aug-2017,16:41:07,,
VIEW,1057493,,MAC_OS_X_IPHONE,MOBILE_SAFARI,,,,ICICI Pru Focused Bluechip Eq,,1,15,3-Aug-2017,16:40:00,,
VIEW,1051909,,MAC_OS_X_IPHONE,APPLE_WEB_KIT,,,,LnT Equity,,1,40,2-Aug-2017,22:19:54,,
VIEW,1051909,,MAC_OS_X_IPHONE,APPLE_WEB_KIT,,,,Birla Sun Life MNC,,1,55,2-Aug-2017,22:19:39,,
SHARE,1057140,1286,,,,1-Aug-2017,11:35:56,Sample,IOS,1,355,2-Aug-2017,17:07:07,,
VIEW,1057140,,MAC_OS_X_IPHONE,MOBILE_SAFARI,,,,Annual Report.pdf,,1,15,2-Aug-2017,17:06:05,,
VIEW,1051913,,MAC_OS_X_IPHONE,APPLE_WEB_KIT,,,,SBI Bluechip Reg,,1,120,1-Aug-2017,23:06:40,,
VIEW,1051913,,MAC_OS_X_IPHONE,APPLE_WEB_KIT,,,,UTI Equity,,1,240,1-Aug-2017,23:05:31,,
SHARE,1057452,1051981,,,"All Users ,FA - NCR 2 ",1-Aug-2017,15:32:51,Equity And Balanced Fund,ANDROID,0,0,1-Aug-2017,15:32:51,,
VIEW,1286,,WINDOWS_10,CHROME,,,,"RM Goal Sheet- Q2, 2017-18",,1,5,1-Aug-2017,15:32:24,,
SHARE,1057429,1051981,,,"All Users ,FA - NCR 2 ",1-Aug-2017,15:25:50,Investments,ANDROID,0,0,1-Aug-2017,15:25:50,,
VIEW,1051981,,ANDROID6,CHROME_MOBILE,,,,ICICI Pru Focused Bluechip Eq,,1,65,1-Aug-2017,15:18:01,,
VIEW,1051981,,ANDROID6,CHROME_MOBILE,,,,GST Info_1,,1,5,1-Aug-2017,15:17:06,,
SHARE,1052696,1051893,,,"All Users ,FA - NCR 2 ",1-Aug-2017,14:55:58,Key Aspects of GST,IOS,1,20,1-Aug-2017,14:58:07,,
SHARE,1052696,1051893,,,"All Users ,FA - NCR 2 ",1-Aug-2017,14:55:52,Key Aspects of GST,IOS,1,20,1-Aug-2017,14:58:07,,
SHARE,1052696,1051893,,,"All Users ,FA - NCR 2 ",1-Aug-2017,14:56:37,Key Aspects of GST,IOS,1,20,1-Aug-2017,14:58:07,,
VIEW,1052696,,MAC_OS_X_IPHONE,MOBILE_SAFARI,,,,Key Aspects of GST,,1,20,1-Aug-2017,14:57:01,,
SHARE,1055906,1051893,,,"All Users ,FA - NCR 2 ",1-Aug-2017,14:53:16,Key Aspects of GST,IOS,0,0,1-Aug-2017,14:53:16,,
VIEW,1051877,,WINDOWS_7,CHROME,,,,ICICI Pru Focused Bluechip Eq,,1,15,1-Aug-2017,12:28:10,,
SHARE,1057210,1286,,,,1-Aug-2017,12:06:51,Wire Transfer Details - Currency wise,IOS,1,90,1-Aug-2017,12:09:07,,
SHARE,1057197,1286,,,,1-Aug-2017,12:02:48,Wire Transfer Details - Currency wise,IOS,1,60,1-Aug-2017,12:08:07,,
VIEW,1057210,,ANDROID6,CHROME_MOBILE,,,,SWIFT CODES JPY,,1,55,1-Aug-2017,12:08:02,,
VIEW,1057210,,ANDROID6,CHROME_MOBILE,,,,SWIFT CODES SGD,,1,35,1-Aug-2017,12:07:26,,
VIEW,1057197,,ANDROID6,CHROME_MOBILE,,,,SWIFT CODES USD,,1,60,1-Aug-2017,12:03:11,,
SHARE,1057183,1286,,,,1-Aug-2017,11:49:02,Birla Sun Life S_T Opp Reg,IOS,0,0,1-Aug-2017,11:49:02,,
SHARE,1057170,1286,,,,1-Aug-2017,11:44:09,Press Releases,IOS,1,60,1-Aug-2017,11:46:07,,
SHARE,1057157,1286,,,,1-Aug-2017,11:40:24,DSP BlackRock Strategic Bd Reg,IOS,1,75,1-Aug-2017,11:45:07,,
VIEW,1057170,,ANDROID6,CHROME_MOBILE,,,,Q1FY17 Press Release_Final,,1,60,1-Aug-2017,11:44:38,,
VIEW,1057157,,ANDROID6,CHROME_MOBILE,,,,DSP BlackRock Strategic Bd Reg,,1,75,1-Aug-2017,11:41:06,,
VIEW,1057140,,ANDROID6,CHROME_MOBILE,,,,Annual Report.pdf,,1,65,1-Aug-2017,11:39:27,,
VIEW,1057140,,ANDROID6,CHROME_MOBILE,,,,Annual Report.pdf,,1,275,1-Aug-2017,11:36:29,,
SHARE,1053496,1286,,,,1-Aug-2017,11:25:49,Investments,IOS,1,165,1-Aug-2017,11:30:07,,
VIEW,1053496,,MAC_OS_X_IPHONE,MOBILE_SAFARI,,,,SBI Bluechip Reg,,1,120,1-Aug-2017,11:27:07,,
VIEW,1053496,,MAC_OS_X_IPHONE,MOBILE_SAFARI,,,,ICICI Pru Focused Bluechip Eq,,1,45,1-Aug-2017,11:26:19,,
VIEW,1052009,,ANDROID6,CHROME_MOBILE,,,,Permissible Credits Debits in NRE NRO Accounts,,1,120,29-Jul-2017,18:11:09,,
VIEW,1056795,,iOS9_IPHONE,APPLE_WEB_KIT,,,,Feedback Form - II,,1,15,28-Jul-2017,15:40:27,,
VIEW,1056795,,iOS9_IPHONE,APPLE_WEB_KIT,,,,Feedback Form - I,,1,25,28-Jul-2017,15:40:06,,
VIEW,1056795,,WINDOWS_7,CHROME,,,,IOP July 2017,,1,75,28-Jul-2017,15:32:29,,
VIEW,1056795,,WINDOWS_7,CHROME,,,,SBI Bluechip Reg,,1,25,28-Jul-2017,15:17:31,,
VIEW,1051885,,WINDOWS_10,CHROME,,,,FAQs - Yes PULSE,,1,40,28-Jul-2017,10:37:55,,
VIEW,1051885,,WINDOWS_10,CHROME,,,,FA Introduction Letter,,1,5,28-Jul-2017,10:37:48,,
VIEW,1050918,,WINDOWS_10,CHROME,,,,YES FIRST Proposition Document,,1,50,28-Jul-2017,10:36:49,,
SHARE,1050918,1051885,,,All Users ,28-Jul-2017,10:35:59,YES FIRST Proposition Document,WEB,1,80,28-Jul-2017,10:35:59,,
VIEW,1051885,,WINDOWS_10,CHROME,,,,YES FIRST Proposition Document,,1,180,28-Jul-2017,10:33:09,,
VIEW,1051885,,ANDROID_MOBILE,CHROME_MOBILE,,,,FA Introduction Letter,,1,45,28-Jul-2017,10:26:38,,
VIEW,1050918,,WINDOWS_10,CHROME,,,,YES FIRST Proposition Document,,1,30,28-Jul-2017,10:26:05,,
VIEW,1051885,,ANDROID_MOBILE,CHROME_MOBILE,,,,YES FIRST Proposition Document,,1,60,28-Jul-2017,10:25:21,,
VIEW,1051885,,ANDROID_MOBILE,CHROME_MOBILE,,,,ICICI Pru Focused Bluechip Eq,,1,70,28-Jul-2017,10:20:37,,
SHARE,1056802,1051893,,,"All Users ,FA - NCR 2 ",27-Jul-2017,21:55:20,ICICI Pru Balanced,IOS,1,95,27-Jul-2017,22:16:07,,
VIEW,1056802,,ANDROID6,CHROME_MOBILE,,,,ICICI Pru Balanced,,1,95,27-Jul-2017,22:13:52,,
VIEW,1055906,,ANDROID_MOBILE,CHROME_MOBILE,,,,Mutual Fund  Online - III,,1,120,21-Jul-2017,20:41:36,,
VIEW,1055906,,ANDROID_MOBILE,CHROME_MOBILE,,,,Mutual Fund Online - II,,1,5,21-Jul-2017,20:41:24,,
VIEW,1055906,,ANDROID_MOBILE,CHROME_MOBILE,,,,Mutual Fund Online - I,,1,15,21-Jul-2017,20:41:06,,
VIEW,1055906,,ANDROID_MOBILE,CHROME_MOBILE,,,,DSP BlackRock Strategic Bd Reg,,1,10,21-Jul-2017,20:40:49,,
VIEW,1055906,,ANDROID_MOBILE,CHROME_MOBILE,,,,LnT Equity,,1,15,21-Jul-2017,20:40:20,,
VIEW,1055906,,ANDROID_MOBILE,CHROME_MOBILE,,,,IDFC Dynamic Equity Reg,,1,5,21-Jul-2017,20:39:53,,
VIEW,1055906,,ANDROID_MOBILE,CHROME_MOBILE,,,,Franklin India Taxshield,,1,5,21-Jul-2017,20:39:39,,
VIEW,1055906,,ANDROID_MOBILE,CHROME_MOBILE,,,,Franklin India Balanced,,1,5,21-Jul-2017,20:39:08,,
VIEW,1055906,,ANDROID_MOBILE,CHROME_MOBILE,,,,UTI Equity,,1,5,21-Jul-2017,20:38:58,,
VIEW,1055906,,ANDROID_MOBILE,CHROME_MOBILE,,,,Kotak Select Focus Reg,,1,20,21-Jul-2017,20:38:42,,
VIEW,1055906,,ANDROID_MOBILE,CHROME_MOBILE,,,,DSP BlackRock Balanced Reg,,1,5,21-Jul-2017,20:38:31,,
VIEW,1055906,,ANDROID_MOBILE,CHROME_MOBILE,,,,Birla Sun Life MNC,,1,10,21-Jul-2017,20:38:08,,
VIEW,1055906,,ANDROID_MOBILE,CHROME_MOBILE,,,,SBI Bluechip Reg,,1,10,21-Jul-2017,20:37:52,,
VIEW,1055906,,ANDROID_MOBILE,CHROME_MOBILE,,,,ICICI Pru Focused Bluechip Eq,,1,5,21-Jul-2017,20:37:41,,
VIEW,1055906,,ANDROID_MOBILE,CHROME_MOBILE,,,,Feedback Form - I,,1,5,21-Jul-2017,20:37:07,,
VIEW,1055906,,ANDROID_MOBILE,CHROME_MOBILE,,,,User Manual,,1,20,21-Jul-2017,20:36:40,,
VIEW,1055906,,ANDROID_MOBILE,CHROME_MOBILE,,,,Q1FY17 Press Release_Final,,1,20,21-Jul-2017,20:36:16,,
SHARE,1052471,1050918,,,,21-Jul-2017,17:52:42,Axis L_T Equity,IOS,1,25,21-Jul-2017,17:54:07,,
VIEW,1052471,,MAC_OS_X_IPHONE,MOBILE_SAFARI,,,,Axis L_T Equity,,1,25,21-Jul-2017,17:53:15,,
VIEW,1050918,,MAC_OS_X_IPHONE,APPLE_WEB_KIT,,,,Sundaram Rural India,,1,30,21-Jul-2017,17:52:22,,
VIEW,1050918,,MAC_OS_X_IPHONE,APPLE_WEB_KIT,,,,Tata Equity Opportunity Reg,,1,40,21-Jul-2017,17:52:12,,
VIEW,1050918,,MAC_OS_X_IPHONE,APPLE_WEB_KIT,,,,Franklin India Balanced,,1,55,21-Jul-2017,17:51:54,,
VIEW,1050918,,MAC_OS_X_IPHONE,APPLE_WEB_KIT,,,,UTI Equity,,1,70,21-Jul-2017,17:51:41,,
VIEW,1050918,,MAC_OS_X_IPHONE,APPLE_WEB_KIT,,,,Birla Sun Life MNC,,1,120,21-Jul-2017,17:50:44,,
VIEW,1050918,,MAC_OS_X_IPHONE,APPLE_WEB_KIT,,,,SBI Bluechip Reg,,1,120,21-Jul-2017,17:50:34,,
VIEW,1050918,,MAC_OS_X_IPHONE,APPLE_WEB_KIT,,,,ICICI Pru Focused Bluechip Eq,,1,120,21-Jul-2017,17:50:20,,
VIEW,1051993,,MAC_OS_X_IPHONE,APPLE_WEB_KIT,,,,GIB Knowledge Series,,1,30,21-Jul-2017,11:45:42,,
VIEW,1052001,,ANDROID6,CHROME_MOBILE,,,,SWIFT CODES HKD,,1,20,19-Jul-2017,23:54:45,,
VIEW,1052009,,ANDROID6,CHROME_MOBILE,,,,SWIFT CODES USD,,1,10,18-Jul-2017,20:13:38,,
SHARE,1053999,1051953,,,"All Users ,FA - MMR 1",18-Jul-2017,14:54:49,YES FIRST Proposition Document,ANDROID,0,0,18-Jul-2017,14:54:49,,
VIEW,1051953,,ANDROID6,CHROME_MOBILE,,,,YES FIRST Proposition Document,,1,120,18-Jul-2017,14:53:54,,
VIEW,1051953,,ANDROID6,CHROME_MOBILE,,,,Mutual Fund Online - I,,1,75,15-Jul-2017,20:30:14,,
VIEW,1051953,,ANDROID6,CHROME_MOBILE,,,,Mutual Fund Online - I,,1,45,15-Jul-2017,20:28:02,,
SHARE,1055682,1050918,,,,15-Jul-2017,19:05:30,Eltropy Feedback,IOS,1,20,15-Jul-2017,19:07:07,,
VIEW,1055682,,MAC_OS_X_IPHONE,MOBILE_SAFARI,,,,Feedback Form - I,,1,20,15-Jul-2017,19:06:41,,
VIEW,1055660,,WINDOWS_7,CHROME,,,,User Manual,,1,80,15-Jul-2017,18:51:12,,
VIEW,1052009,,ANDROID6,CHROME_MOBILE,,,,Q1FY17 Press Release_Final,,1,5,15-Jul-2017,15:26:38,,
SHARE,1055425,1051913,,,"All Users ,SFA - Yes First ",14-Jul-2017,21:50:43,YES FIRST Proposition Document,IOS,1,5,15-Jul-2017,11:48:07,,
VIEW,1055425,,MAC_OS_X_IPHONE,MOBILE_SAFARI,,,,YES FIRST Proposition Document,,1,5,15-Jul-2017,11:47:21,,
VIEW,1051913,,MAC_OS_X_IPHONE,APPLE_WEB_KIT,,,,YES FIRST Proposition Document,,1,120,14-Jul-2017,21:53:39,,
VIEW,1051913,,MAC_OS_X_IPHONE,APPLE_WEB_KIT,,,,YES FIRST and YES FIRST BUSINESS GROUPING Process Note_Mar'17,,1,240,14-Jul-2017,21:43:01,,
VIEW,1051913,,MAC_OS_X_IPHONE,APPLE_WEB_KIT,,,,FAQs - Yes PULSE,,1,120,14-Jul-2017,21:42:15,,
VIEW,1051909,,MAC_OS_X_IPHONE,APPLE_WEB_KIT,,,,Yes First Downgrade Process - FINAL2,,1,85,14-Jul-2017,20:13:30,,
VIEW,1286,,MAC_OS_X,CHROME,,,,Annual Report.pdf,,1,25,14-Jul-2017,2:09:22,,
VIEW,1052009,,ANDROID6,CHROME_MOBILE,,,,Annexure for booking forward contract against FCNR (PRP),,1,10,13-Jul-2017,14:44:01,,
VIEW,1052009,,ANDROID6,CHROME_MOBILE,,,,INR to FCY conversion letter-B,,1,255,13-Jul-2017,14:43:30,,
SHARE,1054975,1050918,,,,10-Jul-2017,14:58:23,GIB ,IOS,1,5,10-Jul-2017,14:59:07,,
SHARE,1054975,1050918,,,,10-Jul-2017,14:56:06,SWIFT CODES USD,IOS,1,5,10-Jul-2017,14:59:07,,
VIEW,1054975,,ANDROID6,CHROME_MOBILE,,,,SWIFT CODES USD,,1,5,10-Jul-2017,14:58:58,,
SHARE,1054955,1052025,,,"All Users ,FA - GIB ",9-Jul-2017,22:42:11,SWIFT CODES GBP,IOS,1,15,10-Jul-2017,9:25:07,,
VIEW,1054955,,MAC_OS_X_IPHONE,MOBILE_SAFARI,,,,SWIFT CODES GBP,,1,15,10-Jul-2017,9:24:23,,
SHARE,1054944,1052025,,,"All Users ,FA - GIB ",9-Jul-2017,22:35:35,SWIFT CODES USD,IOS,1,55,9-Jul-2017,22:40:07,,
VIEW,1054944,,MAC_OS_X_IPHONE,MOBILE_SAFARI,,,,SWIFT CODES USD,,1,55,9-Jul-2017,22:38:42,,
VIEW,1052025,,MAC_OS_X_IPHONE,APPLE_WEB_KIT,,,,SWIFT CODES USD,,1,120,9-Jul-2017,22:32:29,,
VIEW,1052001,,ANDROID6,CHROME_MOBILE,,,,SWIFT CODES CAD,,1,10,9-Jul-2017,0:15:53,,
VIEW,1052001,,ANDROID6,CHROME_MOBILE,,,,SWIFT CODES AUD,,1,5,9-Jul-2017,0:15:45,,
VIEW,1052001,,ANDROID6,CHROME_MOBILE,,,,SWIFT CODES EUR,,1,5,9-Jul-2017,0:15:38,,
VIEW,1052001,,ANDROID6,CHROME_MOBILE,,,,SWIFT CODES GBP,,1,5,9-Jul-2017,0:15:30,,
VIEW,1052001,,ANDROID6,CHROME_MOBILE,,,,SWIFT CODES JPY,,1,5,9-Jul-2017,0:15:09,,
VIEW,1052001,,ANDROID6,CHROME_MOBILE,,,,SWIFT CODES SGD,,1,5,9-Jul-2017,0:15:01,,
VIEW,1052001,,ANDROID6,CHROME_MOBILE,,,,SWIFT CODES USD,,1,50,9-Jul-2017,0:14:08,,
VIEW,1052001,,ANDROID6,CHROME_MOBILE,,,,Feedback Form - II,,1,25,9-Jul-2017,0:11:42,,
VIEW,1052001,,ANDROID6,CHROME_MOBILE,,,,Feedback Form - I,,1,25,9-Jul-2017,0:11:01,,
VIEW,1052001,,ANDROID6,CHROME_MOBILE,,,,Q1FY17 Press Release_Final,,1,10,9-Jul-2017,0:10:39,,
VIEW,1051953,,ANDROID6,CHROME_MOBILE,,,,Yes First Downgrade Process - FINAL2,,1,170,7-Jul-2017,13:10:21,,
SHARE,1054722,1051993,,,"All Users ,FA - GIB ",6-Jul-2017,15:01:16,SWIFT CODES USD,IOS,0,0,6-Jul-2017,15:01:16,,
SHARE,1054475,1052009,,,"All Users ,FA - GIB ",29-Jun-2017,14:10:45,SWIFT CODES HKD,ANDROID,1,70,6-Jul-2017,8:40:07,,
VIEW,1054475,,ANDROID_MOBILE,CHROME_MOBILE,,,,SWIFT CODES HKD,,1,55,6-Jul-2017,8:38:25,,
SHARE,1052615,1050918,,,,29-Jun-2017,9:38:19,SWIFT CODES USD,IOS,1,10,4-Jul-2017,18:49:07,,
VIEW,1052615,,MAC_OS_X_IPHONE,MOBILE_SAFARI,,,,SWIFT CODES USD,,1,5,4-Jul-2017,18:48:46,,
VIEW,1051993,,MAC_OS_X_IPHONE,APPLE_WEB_KIT,,,,SWIFT CODES USD,,1,15,1-Jul-2017,13:32:51,,
SHARE,1054722,1051993,,,"All Users ,FA - GIB ",1-Jul-2017,13:31:59,SWIFT CODES USD,IOS,0,0,1-Jul-2017,13:31:59,,
SHARE,1054042,1050918,,,,30-Jun-2017,9:56:24,Feedback,IOS,1,315,30-Jun-2017,19:32:07,,
SHARE,1054042,1050918,,,,16-Jun-2017,20:22:09,Eltropy Feedback,IOS,1,315,30-Jun-2017,19:32:07,,
VIEW,1054042,,ANDROID6,CHROME_MOBILE,,,,Feedback Form - II,,1,90,30-Jun-2017,19:30:00,,
VIEW,1054042,,,,,,,Feedback Form - II,,1,0,30-Jun-2017,19:29:55,,
VIEW,1054042,,ANDROID6,CHROME_MOBILE,,,,Feedback Form - II,,1,65,30-Jun-2017,19:28:19,,
VIEW,1054042,,ANDROID6,CHROME_MOBILE,,,,Feedback Form - I,,1,160,30-Jun-2017,19:25:53,,
SHARE,1054059,1050918,,,,16-Jun-2017,20:28:54,Eltropy Feedback,IOS,1,75,30-Jun-2017,10:17:07,,
VIEW,1054059,,ANDROID5,CHROME_MOBILE,,,,Feedback Form - I,,1,75,30-Jun-2017,10:15:42,,
SHARE,1054534,1050918,,,,30-Jun-2017,9:58:17,Feedback,IOS,0,0,30-Jun-2017,9:58:17,,
SHARE,1054068,1050918,,,,30-Jun-2017,9:57:41,Feedback,IOS,0,0,30-Jun-2017,9:57:41,,
SHARE,1054050,1050918,,,,30-Jun-2017,9:57:05,Feedback,IOS,0,0,30-Jun-2017,9:57:05,,
SHARE,1054059,1050918,,,,30-Jun-2017,9:55:46,Feedback,IOS,1,75,30-Jun-2017,9:55:46,,
SHARE,1054032,1050918,,,,30-Jun-2017,9:54:48,Feedback,IOS,0,0,30-Jun-2017,9:54:48,,
SHARE,1054013,1050918,,,,30-Jun-2017,9:51:15,Feedback,IOS,0,0,30-Jun-2017,9:51:15,,
VIEW,1054475,,ANDROID6,CHROME_MOBILE,,,,SWIFT CODES HKD,,1,15,29-Jun-2017,14:11:31,,
VIEW,1052009,,ANDROID6,CHROME_MOBILE,,,,SWIFT CODES HKD,,1,120,29-Jun-2017,14:09:27,,
VIEW,1052009,,ANDROID6,CHROME_MOBILE,,,,User Manual,,1,5,29-Jun-2017,14:09:08,,
VIEW,1052615,,MAC_OS_X_IPHONE,MOBILE_SAFARI,,,,SWIFT CODES USD,,1,5,29-Jun-2017,9:38:42,,
VIEW,1051953,,ANDROID6,CHROME_MOBILE,,,,Annual Report.pdf,,1,15,21-Jun-2017,22:19:36,,
SHARE,1054179,1051953,,,"All Users ,FA - MMR 1",21-Jun-2017,22:17:30,YES FIRST Proposition Document,ANDROID,1,20,21-Jun-2017,22:19:07,,
VIEW,1054179,,ANDROID5,CHROME_MOBILE,,,,YES FIRST Proposition Document,,1,20,21-Jun-2017,22:18:02,,
VIEW,1051953,,ANDROID6,CHROME_MOBILE,,,,YES FIRST Proposition Document,,1,55,21-Jun-2017,22:17:03,,
VIEW,1051985,,ANDROID5,CHROME_MOBILE,,,,YES FIRST Proposition Document,,1,5,21-Jun-2017,14:41:28,,
VIEW,1051985,,ANDROID5,CHROME_MOBILE,,,,YES FIRST Proposition Document,,1,120,21-Jun-2017,14:21:39,,
SHARE,1054171,1051929,,,"All Users ,SFA - Yes First ",20-Jun-2017,22:21:54,YES FIRST Proposition Document,IOS,0,0,20-Jun-2017,22:21:54,,
VIEW,1051929,,MAC_OS_X_IPHONE,APPLE_WEB_KIT,,,,YES FIRST Proposition Document,,1,20,20-Jun-2017,22:21:37,,
SHARE,1053623,1050918,,,,16-Jun-2017,16:25:03,Eltropy Feedback,IOS,1,90,20-Jun-2017,17:55:07,,
VIEW,1053623,,ANDROID5,CHROME_MOBILE,,,,Feedback Form - II,,1,15,20-Jun-2017,17:53:48,,
VIEW,1053623,,ANDROID5,CHROME_MOBILE,,,,Feedback Form - I,,1,75,20-Jun-2017,17:52:35,,
SHARE,1054141,1050918,,,,20-Jun-2017,14:43:40,Eltropy Feedback,IOS,1,145,20-Jun-2017,14:48:07,,
SHARE,1054150,1050918,,,,20-Jun-2017,14:44:06,Eltropy Feedback,IOS,1,75,20-Jun-2017,14:47:07,,
VIEW,1054141,,ANDROID_MOBILE,CHROME_MOBILE,,,,Feedback Form - II,,1,120,20-Jun-2017,14:45:17,,
VIEW,1054150,,ANDROID4,CHROME_MOBILE,,,,Feedback Form - I,,1,75,20-Jun-2017,14:44:56,,
VIEW,1054141,,ANDROID_MOBILE,CHROME_MOBILE,,,,Feedback Form - I,,1,25,20-Jun-2017,14:44:52,,
VIEW,1054105,,ANDROID4,CHROME_MOBILE,,,,PRP Mailer,,1,10,20-Jun-2017,14:28:00,,
VIEW,1054105,,ANDROID4,CHROME_MOBILE,,,,Table 1,,1,15,20-Jun-2017,14:27:13,,
VIEW,1052013,,ANDROID5,CHROME_MOBILE,,,,Permissible Credits Debits in NRE NRO Accounts,,1,120,18-Jun-2017,11:18:03,,
VIEW,1052025,,MAC_OS_X_IPHONE,APPLE_WEB_KIT,,,,GIB Knowledge Series,,1,115,18-Jun-2017,11:09:27,,
SHARE,1053999,1052349,,,All Users ,16-Jun-2017,18:46:17,Feedback,IOS,1,210,17-Jun-2017,15:43:07,,
VIEW,1053999,,ANDROID6,CHROME_MOBILE,,,,Feedback Form - II,,1,5,17-Jun-2017,15:42:34,,
VIEW,1053999,,ANDROID6,CHROME_MOBILE,,,,Feedback Form - II,,1,30,17-Jun-2017,14:47:12,,
SHARE,1054092,1051909,,,"All Users ,FA - NCR 3 ",16-Jun-2017,21:12:39,FA Introduction Letter,IOS,0,0,16-Jun-2017,21:12:39,,
VIEW,1051909,,MAC_OS_X_IPHONE,APPLE_WEB_KIT,,,,FA Introduction Letter,,1,70,16-Jun-2017,21:12:08,,
SHARE,1054077,1050918,,,,16-Jun-2017,21:08:33,Eltropy Feedback,IOS,1,65,16-Jun-2017,21:12:07,,
VIEW,1054077,,ANDROID_MOBILE,CHROME_MOBILE,,,,Feedback Form - II,,1,35,16-Jun-2017,21:10:11,,
VIEW,1054077,,ANDROID_MOBILE,CHROME_MOBILE,,,,Feedback Form - I,,1,30,16-Jun-2017,21:09:48,,
SHARE,1054068,1050918,,,,16-Jun-2017,20:30:19,Eltropy Feedback,IOS,0,0,16-Jun-2017,20:30:19,,
SHARE,1054050,1050918,,,,16-Jun-2017,20:25:30,Eltropy Feedback,IOS,0,0,16-Jun-2017,20:25:30,,
SHARE,1054022,1050918,,,,16-Jun-2017,20:15:59,Eltropy Feedback,IOS,1,55,16-Jun-2017,20:20:14,,
SHARE,1054032,1050918,,,,16-Jun-2017,20:18:52,Eltropy Feedback,IOS,0,0,16-Jun-2017,20:18:52,,
VIEW,1054022,,ANDROID5,CHROME_MOBILE,,,,Feedback Form - I,,1,55,16-Jun-2017,20:18:12,,
SHARE,1054013,1050918,,,,16-Jun-2017,20:14:42,Eltropy Feedback,IOS,0,0,16-Jun-2017,20:14:42,,
SHARE,1053614,1050918,,,,16-Jun-2017,16:22:56,Eltropy Feedback,IOS,1,120,16-Jun-2017,19:47:07,,
VIEW,1053614,,MAC_OS_X_IPHONE,MOBILE_SAFARI,,,,Feedback Form - I,,1,120,16-Jun-2017,19:44:51,,
VIEW,1053999,,ANDROID6,CHROME_MOBILE,,,,Feedback Form - II,,1,120,16-Jun-2017,19:30:07,,
VIEW,1053999,,,,,,,Feedback Form - II,,1,0,16-Jun-2017,19:29:56,,
VIEW,1053999,,,,,,,Feedback Form - II,,1,0,16-Jun-2017,19:29:53,,
VIEW,1053999,,ANDROID6,CHROME_MOBILE,,,,Feedback Form - II,,1,35,16-Jun-2017,19:29:21,,
VIEW,1053999,,ANDROID6,CHROME_MOBILE,,,,Feedback Form - I,,1,50,16-Jun-2017,19:28:29,,
VIEW,1051953,,ANDROID6,CHROME_MOBILE,,,,YES FIRST Proposition Document,,1,5,16-Jun-2017,18:01:58,,
VIEW,1051961,,ANDROID6,CHROME_MOBILE,,,,Feedback Form - II,,1,20,16-Jun-2017,17:22:21,,
VIEW,1051961,,ANDROID6,CHROME_MOBILE,,,,Feedback Form - I,,1,55,16-Jun-2017,17:21:19,,
SHARE,1053703,1051945,,,"All Users ,FA - West 3",16-Jun-2017,16:46:37,YES FIRST Proposition Document,IOS,1,95,16-Jun-2017,16:53:07,,
VIEW,1053703,,ANDROID6,CHROME_MOBILE,,,,YES FIRST Proposition Document,,1,95,16-Jun-2017,16:50:09,,
SHARE,1053694,1050918,,,,16-Jun-2017,16:39:20,Eltropy Feedback,IOS,0,0,16-Jun-2017,16:39:20,,
SHARE,1053685,1050918,,,,16-Jun-2017,16:37:37,Eltropy Feedback,IOS,0,0,16-Jun-2017,16:37:37,,
SHARE,1053676,1050918,,,,16-Jun-2017,16:34:13,Eltropy Feedback,IOS,0,0,16-Jun-2017,16:34:13,,
SHARE,1053667,1050918,,,,16-Jun-2017,16:32:59,Eltropy Feedback,IOS,0,0,16-Jun-2017,16:32:59,,
SHARE,1053658,1050918,,,,16-Jun-2017,16:31:40,Eltropy Feedback,IOS,0,0,16-Jun-2017,16:31:40,,
VIEW,1051961,,ANDROID6,CHROME_MOBILE,,,,User Manual,,1,10,16-Jun-2017,16:31:16,,
VIEW,1051961,,ANDROID6,CHROME_MOBILE,,,,Q1FY17 Press Release_Final,,1,30,16-Jun-2017,16:30:39,,
SHARE,1053649,1050918,,,,16-Jun-2017,16:30:21,Eltropy Feedback,IOS,0,0,16-Jun-2017,16:30:21,,
SHARE,1053636,1050918,,,,16-Jun-2017,16:28:21,Eltropy Feedback,IOS,0,0,16-Jun-2017,16:28:21,,
SHARE,1053636,1050918,,,,16-Jun-2017,16:27:34,Eltropy Feedback,IOS,0,0,16-Jun-2017,16:27:34,,
SHARE,1053623,1050918,,,,16-Jun-2017,16:25:50,Eltropy Feedback,IOS,1,90,16-Jun-2017,16:25:50,,
SHARE,1053599,1050918,,,,16-Jun-2017,15:38:05,Eltropy Feedback,IOS,0,0,16-Jun-2017,15:38:05,,
VIEW,1286,,WINDOWS_10,CHROME,,,,Feedback Form - I,,1,20,16-Jun-2017,15:36:04,,
VIEW,1286,,WINDOWS_10,CHROME,,,,Feedback Form - I,,1,5,16-Jun-2017,15:27:05,,
SHARE,1053599,1050918,,,,16-Jun-2017,15:24:30,Eltropy Feedback,IOS,0,0,16-Jun-2017,15:24:30,,
VIEW,1050918,,MAC_OS_X_IPHONE,APPLE_WEB_KIT,,,,Feedback Form - II,,1,120,16-Jun-2017,15:19:59,,
VIEW,1050918,,MAC_OS_X_IPHONE,APPLE_WEB_KIT,,,,Feedback Form - I,,1,120,16-Jun-2017,15:19:47,,
SHARE,1053514,1050918,,,,16-Jun-2017,13:01:23,Feedback,IOS,1,690,16-Jun-2017,15:18:07,,
VIEW,1053514,,ANDROID6,CHROME_MOBILE,,,,Feedback Form - II,,1,225,16-Jun-2017,14:30:20,,
VIEW,1053514,,ANDROID6,CHROME_MOBILE,,,,Feedback Form - I,,1,260,16-Jun-2017,14:30:01,,
VIEW,1053514,,ANDROID6,CHROME_MOBILE,,,,Feedback Form - II,,1,65,16-Jun-2017,14:26:36,,
VIEW,1053514,,ANDROID6,CHROME_MOBILE,,,,Feedback Form - I,,1,135,16-Jun-2017,14:26:09,,
SHARE,1053514,1050918,,,,16-Jun-2017,14:23:29,Feedback,IOS,1,690,16-Jun-2017,14:23:29,,
VIEW,1053514,,MAC_OS_X_IPHONE,MOBILE_SAFARI,,,,Feedback Form - I,,1,5,16-Jun-2017,13:16:02,,
VIEW,1053496,,ANDROID6,CHROME_MOBILE,,,,Feedback Form - I,,1,140,16-Jun-2017,12:51:03,,
SHARE,1053474,1050918,,,,16-Jun-2017,12:36:45,Feedback,IOS,1,30,16-Jun-2017,12:48:07,,
VIEW,1053474,,MAC_OS_X_IPHONE,MOBILE_SAFARI,,,,Feedback Form - I,,1,30,16-Jun-2017,12:46:44,,
SHARE,1053496,1050918,,,,16-Jun-2017,12:46:26,null,IOS,0,0,16-Jun-2017,12:46:26,,
SHARE,1053466,1050918,,,,16-Jun-2017,12:35:46,Feedback,IOS,1,40,16-Jun-2017,12:43:07,,
VIEW,1053466,,ANDROID_MOBILE,CHROME_MOBILE,,,,Feedback Form - I,,1,40,16-Jun-2017,12:41:54,,
SHARE,1052615,1050918,,,,16-Jun-2017,12:37:37,Feedback,IOS,1,40,16-Jun-2017,12:39:07,,
VIEW,1052615,,MAC_OS_X_IPHONE,MOBILE_SAFARI,,,,Feedback Form - I,,1,40,16-Jun-2017,12:38:14,,
VIEW,1050918,,MAC_OS_X_IPHONE,APPLE_WEB_KIT,,,,Feedback Form - I,,1,120,16-Jun-2017,12:35:25,,
SHARE,1053417,1051897,,,"All Users ,FA - NCR 3 ",16-Jun-2017,8:30:56,YES FIRST Proposition Document,ANDROID,1,200,16-Jun-2017,10:32:07,,
VIEW,1053417,,ANDROID_MOBILE,CHROME_MOBILE,,,,YES FIRST Proposition Document,,1,115,16-Jun-2017,10:30:03,,
VIEW,1053417,,,,,,,YES FIRST Proposition Document,,1,0,16-Jun-2017,10:29:58,,
VIEW,1053417,,MAC_OS_X_IPHONE,MOBILE_SAFARI,,,,YES FIRST Proposition Document,,1,85,16-Jun-2017,8:38:16,,
VIEW,1286,,WINDOWS_10,CHROME,,,,FAQs - Yes PULSE,,1,60,16-Jun-2017,8:37:59,,
VIEW,1051897,,ANDROID5,CHROME_MOBILE,,,,FA Introduction Letter,,1,60,16-Jun-2017,8:33:21,,
VIEW,1051897,,ANDROID5,CHROME_MOBILE,,,,YES FIRST Proposition Document,,1,120,16-Jun-2017,8:30:32,,
VIEW,1051881,,ANDROID6,CHROME_MOBILE,,,,FA Introduction Letter,,1,10,15-Jun-2017,23:33:32,,
VIEW,1051881,,ANDROID6,CHROME_MOBILE,,,,YES FIRST Proposition Document,,1,30,15-Jun-2017,23:32:52,,
SHARE,1053335,1051937,,,"All Users ,FA - West 3",15-Jun-2017,15:21:51,YES FIRST Proposition Document,ANDROID,1,90,15-Jun-2017,15:28:07,,
SHARE,1053335,1051937,,,"All Users ,FA - West 3",15-Jun-2017,15:21:55,YES FIRST Proposition Document,ANDROID,1,90,15-Jun-2017,15:28:07,,
SHARE,1053335,1051937,,,"All Users ,FA - West 3",15-Jun-2017,15:22:01,YES FIRST Proposition Document,ANDROID,1,90,15-Jun-2017,15:28:07,,
SHARE,1053335,1051937,,,"All Users ,FA - West 3",15-Jun-2017,15:21:48,YES FIRST Proposition Document,ANDROID,1,90,15-Jun-2017,15:28:07,,
SHARE,1053335,1051937,,,"All Users ,FA - West 3",15-Jun-2017,15:21:49,YES FIRST Proposition Document,ANDROID,1,90,15-Jun-2017,15:28:07,,
SHARE,1053335,1051937,,,"All Users ,FA - West 3",15-Jun-2017,15:21:57,YES FIRST Proposition Document,ANDROID,1,90,15-Jun-2017,15:28:07,,
SHARE,1053335,1051937,,,"All Users ,FA - West 3",15-Jun-2017,15:21:52,YES FIRST Proposition Document,ANDROID,1,90,15-Jun-2017,15:28:07,,
SHARE,1053335,1051937,,,"All Users ,FA - West 3",15-Jun-2017,15:22:00,YES FIRST Proposition Document,ANDROID,1,90,15-Jun-2017,15:28:07,,
SHARE,1053335,1051937,,,"All Users ,FA - West 3",15-Jun-2017,15:22:26,YES FIRST Proposition Document,ANDROID,1,90,15-Jun-2017,15:28:07,,
SHARE,1053335,1051937,,,"All Users ,FA - West 3",15-Jun-2017,15:21:56,YES FIRST Proposition Document,ANDROID,1,90,15-Jun-2017,15:28:07,,
VIEW,1053335,,MAC_OS_X_IPHONE,MOBILE_SAFARI,,,,YES FIRST Proposition Document,,1,90,15-Jun-2017,15:26:11,,
VIEW,1051937,,ANDROID5,CHROME_MOBILE,,,,YES FIRST Proposition Document,,1,95,15-Jun-2017,15:19:13,,
VIEW,1051981,,ANDROID6,CHROME_MOBILE,,,,YES FIRST Proposition Document,,1,120,14-Jun-2017,11:15:18,,
VIEW,1286,,WINDOWS_10,CHROME,,,,YES FIRST Proposition Document,,1,120,14-Jun-2017,11:15:18,,
VIEW,1052013,,ANDROID5,CHROME_MOBILE,,,,Permissible Credits Debits in NRE NRO Accounts,,1,25,13-Jun-2017,23:52:21,,
VIEW,1052013,,ANDROID5,CHROME_MOBILE,,,,International Calling facility to GIB RMs_Ver 1,,1,145,13-Jun-2017,23:51:50,,
VIEW,1052013,,ANDROID5,CHROME_MOBILE,,,,Adding Resident as Joint Account Holder,,1,65,13-Jun-2017,23:50:34,,
VIEW,1052025,,MAC_OS_X_IPHONE,APPLE_WEB_KIT,,,,GIB Knowledge Series,,1,120,13-Jun-2017,16:34:24,,
VIEW,1052009,,ANDROID6,CHROME_MOBILE,,,,PRP Mailer,,1,120,13-Jun-2017,13:05:25,,
VIEW,1052009,,ANDROID6,CHROME_MOBILE,,,,Did You Know Series,,1,25,13-Jun-2017,13:04:52,,
VIEW,1052009,,ANDROID6,CHROME_MOBILE,,,,YES REMIT_KNOWLEDGE SERIES,,1,120,13-Jun-2017,13:02:31,,
VIEW,1052009,,ANDROID6,CHROME_MOBILE,,,,Process Note- NRE - NRO FD booking on Phone Banking_Ver 2,,1,10,13-Jun-2017,13:01:15,,
VIEW,1052009,,ANDROID6,CHROME_MOBILE,,,,International Calling facility to GIB RMs_Ver 1,,1,10,13-Jun-2017,13:00:55,,
VIEW,1052009,,ANDROID6,CHROME_MOBILE,,,,Change of Residential Status of Account Holder_Interim Approach,,1,30,13-Jun-2017,13:00:18,,
VIEW,1052009,,ANDROID6,CHROME_MOBILE,,,,User Manual,,1,5,12-Jun-2017,17:34:44,,
VIEW,1051949,,ANDROID6,CHROME_MOBILE,,,,Q1FY17 Press Release_Final,,1,120,8-Jun-2017,12:39:13,,
VIEW,1051949,,ANDROID6,CHROME_MOBILE,,,,Q1FY17 Press Release_Final,,1,225,8-Jun-2017,10:03:39,,
VIEW,1051949,,ANDROID6,CHROME_MOBILE,,,,User Manual,,1,5,8-Jun-2017,10:03:26,,
VIEW,1052009,,ANDROID6,CHROME_MOBILE,,,,"NIL IP - Lower IP approval matrix -  Effective July 18, 2015",,1,5,7-Jun-2017,16:14:51,,
VIEW,1052009,,ANDROID6,CHROME_MOBILE,,,,Verification of KYC documents through Webcam for GIB account opening,,1,75,7-Jun-2017,16:13:27,,
VIEW,1051941,,ANDROID6,CHROME_MOBILE,,,,YES FIRST Proposition Document,,1,120,7-Jun-2017,16:01:22,,
SHARE,1053283,1051885,,,All Users ,7-Jun-2017,15:16:32,FA Introduction Letter,ANDROID,0,0,7-Jun-2017,15:16:32,,
SHARE,1053274,1051885,,,All Users ,7-Jun-2017,15:15:57,FA Introduction Letter,ANDROID,0,0,7-Jun-2017,15:15:57,,
VIEW,1051949,,ANDROID6,CHROME_MOBILE,,,,Q1FY17 Press Release_Final,,1,10,7-Jun-2017,13:01:49,,
VIEW,1051917,,ANDROID5,CHROME_MOBILE,,,,YES FIRST Proposition Document,,1,15,7-Jun-2017,10:57:01,,
SHARE,1053253,1050918,,,,7-Jun-2017,10:41:47,Q1FY17 Press Release_Final,IOS,1,40,7-Jun-2017,10:45:06,,
VIEW,1053253,,ANDROID5,CHROME_MOBILE,,,,Q1FY17 Press Release_Final,,1,40,7-Jun-2017,10:43:22,,
VIEW,1052471,,MAC_OS_X,CHROME,,,,Q1FY17 Press Release_Final,,1,85,7-Jun-2017,10:19:09,,
SHARE,1053210,1051917,,,"All Users ,SFA - Yes First ",7-Jun-2017,9:58:05,YES FIRST Proposition Document,ANDROID,0,0,7-Jun-2017,9:58:05,,
VIEW,1051917,,ANDROID5,CHROME_MOBILE,,,,YES FIRST Proposition Document,,1,65,7-Jun-2017,9:57:49,,
VIEW,1051929,,MAC_OS_X_IPHONE,APPLE_WEB_KIT,,,,YES FIRST Proposition Document,,1,60,6-Jun-2017,22:30:18,,
SHARE,1053064,1051913,,,"All Users ,SFA - Yes First ",2-Jun-2017,12:12:40,FA Introduction Letter,IOS,1,110,4-Jun-2017,21:02:05,,
VIEW,1053064,,MAC_OS_X_IPHONE,MOBILE_SAFARI,,,,FA Introduction Letter,,1,40,4-Jun-2017,21:00:37,,
VIEW,1051973,,ANDROID4,CHROME_MOBILE,,,,CRM User Id Creation,,1,20,4-Jun-2017,16:09:04,,
VIEW,1051973,,ANDROID4,CHROME_MOBILE,,,,Yes First Downgrade Process - FINAL2,,1,60,4-Jun-2017,16:08:33,,
VIEW,1051973,,ANDROID4,CHROME_MOBILE,,,,YES FIRST Proposition Document,,1,25,4-Jun-2017,16:08:02,,
VIEW,1051973,,ANDROID4,CHROME_MOBILE,,,,FA Introduction Letter,,1,10,4-Jun-2017,16:07:45,,
VIEW,1052001,,ANDROID6,CHROME_MOBILE,,,,GIB Knowledge Series,,1,10,3-Jun-2017,21:50:44,,
VIEW,1052001,,ANDROID6,CHROME_MOBILE,,,,Permissible Credits Debits in NRE NRO Accounts,,1,120,3-Jun-2017,21:46:41,,
VIEW,1052001,,ANDROID6,CHROME_MOBILE,,,,Verification of KYC documents through Webcam for GIB account opening,,1,50,3-Jun-2017,21:45:47,,
VIEW,1052001,,ANDROID6,CHROME_MOBILE,,,,Process Note- NRE - NRO FD booking on Phone Banking_Ver 2,,1,120,3-Jun-2017,21:31:30,,
VIEW,1052001,,ANDROID6,CHROME_MOBILE,,,,PRP Mailer,,1,20,3-Jun-2017,21:30:51,,
VIEW,1051949,,ANDROID6,CHROME_MOBILE,,,,User Manual,,1,85,3-Jun-2017,19:17:38,,
VIEW,1286,,WINDOWS_10,CHROME,,,,INR to FCY conversion letter-B,,1,5,3-Jun-2017,16:21:37,,
VIEW,1286,,WINDOWS_10,CHROME,,,,Annexure for booking forward contract against FCNR (PRP),,1,5,3-Jun-2017,16:21:12,,
VIEW,1286,,WINDOWS_10,CHROME,,,,FAQs - Yes PULSE,,1,5,3-Jun-2017,16:05:52,,
VIEW,1286,,WINDOWS_10,CHROME,,,,FA Introduction Letter,,1,5,3-Jun-2017,16:05:47,,
VIEW,1051941,,ANDROID6,CHROME_MOBILE,,,,YES FIRST Proposition Document,,1,15,3-Jun-2017,15:51:34,,
VIEW,1052009,,ANDROID6,CHROME_MOBILE,,,,Q1FY17 Press Release_Final,,1,5,3-Jun-2017,13:24:14,,
VIEW,1052830,,MAC_OS_X_IPHONE,MOBILE_SAFARI,,,,FA Introduction Letter,,1,5,3-Jun-2017,10:58:31,,
VIEW,1052001,,ANDROID6,CHROME_MOBILE,,,,Verification of KYC documents through Webcam for GIB account opening,,1,5,3-Jun-2017,1:40:06,,
VIEW,1052001,,ANDROID6,CHROME_MOBILE,,,,Process Note- NRE - NRO FD booking on Phone Banking_Ver 2,,1,240,3-Jun-2017,1:30:19,,
VIEW,1052001,,ANDROID6,CHROME_MOBILE,,,,International Calling facility to GIB RMs_Ver 1,,1,5,3-Jun-2017,1:30:09,,
VIEW,1052001,,ANDROID6,CHROME_MOBILE,,,,Process Note - Change in MOP for NRO accounts,,1,15,3-Jun-2017,1:29:43,,
VIEW,1052001,,ANDROID6,CHROME_MOBILE,,,,Adding Resident as Joint Account Holder,,1,35,3-Jun-2017,1:28:48,,
VIEW,1052001,,ANDROID6,CHROME_MOBILE,,,,"NIL IP - Lower IP approval matrix -  Effective July 18, 2015",,1,30,3-Jun-2017,1:28:11,,
VIEW,1052001,,ANDROID6,CHROME_MOBILE,,,,Did You Know Series,,1,5,3-Jun-2017,1:27:05,,
VIEW,1052001,,ANDROID6,CHROME_MOBILE,,,,Table 1,,1,5,3-Jun-2017,1:26:03,,
SHARE,1053166,1051929,,,"All Users ,SFA - Yes First ",3-Jun-2017,0:04:44,YES FIRST Proposition Document,IOS,0,0,3-Jun-2017,0:04:44,,
VIEW,1051993,,MAC_OS_X_IPHONE,APPLE_WEB_KIT,,,,GIB Knowledge Series,,1,85,2-Jun-2017,23:07:59,,
VIEW,1051993,,MAC_OS_X_IPHONE,APPLE_WEB_KIT,,,,PRP Mailer,,1,120,2-Jun-2017,23:01:23,,
VIEW,1052830,,MAC_OS_X_IPHONE,MOBILE_SAFARI,,,,FA Introduction Letter,,1,5,2-Jun-2017,22:49:32,,
VIEW,1051989,,ANDROID6,CHROME_MOBILE,,,,User Manual,,1,45,2-Jun-2017,21:15:26,,
VIEW,1052001,,ANDROID6,CHROME_MOBILE,,,,INR to FCY conversion letter-B,,1,120,2-Jun-2017,20:44:52,,
VIEW,1052001,,ANDROID6,CHROME_MOBILE,,,,Q1FY17 Press Release_Final,,1,15,2-Jun-2017,20:44:19,,
VIEW,1052001,,ANDROID6,CHROME_MOBILE,,,,Did You Know Series,,1,15,2-Jun-2017,20:33:19,,
VIEW,1051941,,ANDROID6,CHROME_MOBILE,,,,YES FIRST and YES FIRST BUSINESS GROUPING Process Note_Mar'17,,1,5,2-Jun-2017,19:07:06,,
VIEW,1051941,,ANDROID6,CHROME_MOBILE,,,,Q1FY17 Press Release_Final,,1,85,2-Jun-2017,18:36:46,,
VIEW,1051941,,ANDROID6,CHROME_MOBILE,,,,Q1FY17 Press Release_Final,,1,110,2-Jun-2017,18:01:28,,
VIEW,1051941,,ANDROID6,CHROME_MOBILE,,,,YES FIRST and YES FIRST BUSINESS GROUPING Process Note_Mar'17,,1,125,2-Jun-2017,17:58:16,,
VIEW,1051941,,ANDROID6,CHROME_MOBILE,,,,YES FIRST Proposition Document,,1,120,2-Jun-2017,17:52:06,,
VIEW,1051941,,ANDROID6,CHROME_MOBILE,,,,FA Introduction Letter,,1,120,2-Jun-2017,17:41:33,,
VIEW,1051941,,ANDROID6,CHROME_MOBILE,,,,User Manual,,1,20,2-Jun-2017,17:40:48,,
VIEW,1053064,,ANDROID6,CHROME_MOBILE,,,,FA Introduction Letter,,1,40,2-Jun-2017,15:33:20,,
SHARE,1053113,1051933,,,"All Users ,FA - West 3",2-Jun-2017,14:44:13,YES FIRST Proposition Document,IOS,0,0,2-Jun-2017,14:44:13,,
SHARE,1053102,1051427,,,"All Users ,Central Team ",2-Jun-2017,13:22:30,GIB ,ANDROID,0,0,2-Jun-2017,13:22:30,,
VIEW,1052013,,ANDROID5,CHROME_MOBILE,,,,Process Note - Change in MOP for NRO accounts,,1,5,2-Jun-2017,13:16:31,,
VIEW,1052001,,ANDROID6,CHROME_MOBILE,,,,User Manual,,1,120,2-Jun-2017,12:56:19,,
VIEW,1052001,,ANDROID6,CHROME_MOBILE,,,,YES REMIT_KNOWLEDGE SERIES,,1,120,2-Jun-2017,12:54:34,,
VIEW,1052001,,ANDROID6,CHROME_MOBILE,,,,GIB Knowledge Series,,1,75,2-Jun-2017,12:53:54,,
VIEW,1052001,,ANDROID6,CHROME_MOBILE,,,,Change of Residential Status of Account Holder_Interim Approach,,1,25,2-Jun-2017,12:53:07,,
VIEW,1052001,,ANDROID6,CHROME_MOBILE,,,,FCY1 to FCY 2 conversion letter,,1,15,2-Jun-2017,12:52:32,,
VIEW,1052001,,ANDROID6,CHROME_MOBILE,,,,Annexure for booking forward contract against FCNR (PRP),,1,30,2-Jun-2017,12:51:59,,
VIEW,1052001,,ANDROID6,CHROME_MOBILE,,,,PRP Mailer,,1,60,2-Jun-2017,12:50:08,,
VIEW,1053064,,MAC_OS_X_IPHONE,MOBILE_SAFARI,,,,FA Introduction Letter,,1,5,2-Jun-2017,12:35:43,,
SHARE,1053000,1051929,,,"All Users ,SFA - Yes First ",2-Jun-2017,12:03:27,YES FIRST Proposition Document,IOS,1,10,2-Jun-2017,12:23:05,,
VIEW,1053000,,MAC_OS_X_IPHONE,MOBILE_SAFARI,,,,YES FIRST Proposition Document,,1,10,2-Jun-2017,12:22:25,,
VIEW,1052009,,ANDROID6,CHROME_MOBILE,,,,Verification of KYC documents through Webcam for GIB account opening,,1,20,2-Jun-2017,12:19:28,,
VIEW,1053064,,MAC_OS_X_IPHONE,MOBILE_SAFARI,,,,FA Introduction Letter,,1,25,2-Jun-2017,12:17:08,,
VIEW,1051949,,ANDROID6,CHROME_MOBILE,,,,YES FIRST Proposition Document,,1,5,2-Jun-2017,12:15:54,,
VIEW,1051949,,ANDROID6,CHROME_MOBILE,,,,FA Introduction Letter,,1,25,2-Jun-2017,12:14:57,,
VIEW,1051913,,MAC_OS_X_IPHONE,APPLE_WEB_KIT,,,,YES FIRST and YES FIRST BUSINESS GROUPING Process Note_Mar'17,,1,120,2-Jun-2017,12:14:12,,
SHARE,1052830,1051925,,,"All Users ,SFA - Yes First ",2-Jun-2017,11:54:09,YES FIRST Proposition Document,ANDROID,1,15,2-Jun-2017,12:12:05,,
SHARE,1052900,1051913,,,"All Users ,SFA - Yes First ",2-Jun-2017,11:59:18,Q1FY17 Press Release_Final,IOS,1,120,2-Jun-2017,12:12:05,,
VIEW,1052001,,ANDROID6,CHROME_MOBILE,,,,Annexure for booking forward contract against FCNR (PRP),,1,5,2-Jun-2017,12:10:42,,
SHARE,1052884,1052001,,,"All Users ,FA - GIB ",2-Jun-2017,11:59:09,Q1FY17 Press Release_Final,ANDROID,1,30,2-Jun-2017,12:10:04,,
VIEW,1052830,,MAC_OS_X_IPHONE,MOBILE_SAFARI,,,,YES FIRST Proposition Document,,1,15,2-Jun-2017,12:09:22,,
VIEW,1051913,,MAC_OS_X_IPHONE,APPLE_WEB_KIT,,,,Q1FY17 Press Release_Final,,1,120,2-Jun-2017,12:09:19,,
VIEW,1052900,,ANDROID5,CHROME_MOBILE,,,,Q1FY17 Press Release_Final,,1,120,2-Jun-2017,12:09:05,,
VIEW,1051973,,ANDROID4,CHROME_MOBILE,,,,Q1FY17 Press Release_Final,,1,5,2-Jun-2017,12:09:05,,
VIEW,1052001,,ANDROID6,CHROME_MOBILE,,,,Table 1,,1,5,2-Jun-2017,12:08:00,,
VIEW,1052001,,ANDROID6,CHROME_MOBILE,,,,Table 2,,1,15,2-Jun-2017,12:06:58,,
VIEW,1052830,,MAC_OS_X_IPHONE,MOBILE_SAFARI,,,,FA Introduction Letter,,1,50,2-Jun-2017,12:06:47,,
SHARE,1053029,1051925,,,"All Users ,SFA - Yes First ",2-Jun-2017,12:05:30,FA Introduction Letter,ANDROID,0,0,2-Jun-2017,12:05:30,,
SHARE,1052924,1052005,,,"All Users ,FA - GIB ",2-Jun-2017,12:05:25,GIB ,ANDROID,0,0,2-Jun-2017,12:05:25,,
SHARE,1052908,1051949,,,"All Users ,FA - West 3",2-Jun-2017,12:04:59,Financial Information,ANDROID,1,5,2-Jun-2017,12:04:59,,
VIEW,1051925,,ANDROID5,CHROME_MOBILE,,,,YES FIRST and YES FIRST BUSINESS GROUPING Process Note_Mar'17,,1,15,2-Jun-2017,12:04:32,,
VIEW,1052005,,ANDROID5,CHROME_MOBILE,,,,Table 1,,1,5,2-Jun-2017,12:04:29,,
SHARE,1052946,1051929,,,"All Users ,SFA - Yes First ",2-Jun-2017,12:00:04,FA Introduction Letter,IOS,1,30,2-Jun-2017,12:04:04,,
SHARE,1052777,1052029,,,"All Users ,FA - GIB ",2-Jun-2017,11:36:51,Q1FY17 Press Release_Final,ANDROID,1,350,2-Jun-2017,12:04:04,,
SHARE,1052973,1051933,,,"All Users ,FA - West 3",2-Jun-2017,12:01:34,Q1FY17 Press Release_Final,IOS,1,50,2-Jun-2017,12:04:04,,
SHARE,1052938,1051893,,,"All Users ,FA - NCR 2 ",2-Jun-2017,12:03:49,Q1FY17 Press Release_Final,IOS,1,20,2-Jun-2017,12:03:49,,
SHARE,1052924,1052005,,,"All Users ,FA - GIB ",2-Jun-2017,12:03:33,Financial Information,ANDROID,0,0,2-Jun-2017,12:03:33,,
SHARE,1052867,1051917,,,"All Users ,SFA - Yes First ",2-Jun-2017,12:02:52,Q1FY17 Press Release_Final,ANDROID,1,15,2-Jun-2017,12:02:52,,
SHARE,1052988,1052021,,,"All Users ,FA - GIB ",2-Jun-2017,12:02:37,Q1FY17 Press Release_Final,IOS,0,0,2-Jun-2017,12:02:37,,
SHARE,1052830,1051925,,,"All Users ,SFA - Yes First ",2-Jun-2017,12:02:34,FA Introduction Letter,ANDROID,1,60,2-Jun-2017,12:02:34,,
VIEW,1052973,,MAC_OS_X_IPHONE,MOBILE_SAFARI,,,,Q1FY17 Press Release_Final,,1,50,2-Jun-2017,12:02:26,,
SHARE,1052938,1051893,,,"All Users ,FA - NCR 2 ",2-Jun-2017,11:59:55,Q1FY17 Press Release_Final,IOS,1,20,2-Jun-2017,12:02:04,,
SHARE,1052867,1052025,,,"All Users ,FA - GIB ",2-Jun-2017,11:59:01,Q1FY17 Press Release_Final,IOS,1,15,2-Jun-2017,12:02:04,,
SHARE,1052867,1051917,,,"All Users ,SFA - Yes First ",2-Jun-2017,11:59:36,Q1FY17 Press Release_Final,ANDROID,1,15,2-Jun-2017,12:02:04,,
VIEW,1052867,,ANDROID5,CHROME_MOBILE,,,,Q1FY17 Press Release_Final,,1,15,2-Jun-2017,12:01:44,,
SHARE,1052908,1051949,,,"All Users ,FA - West 3",2-Jun-2017,11:59:27,Q1FY17 Press Release_Final,ANDROID,1,5,2-Jun-2017,12:01:04,,
VIEW,1052946,,MAC_OS_X_IPHONE,MOBILE_SAFARI,,,,FA Introduction Letter,,1,30,2-Jun-2017,12:00:54,,
VIEW,1052938,,ANDROID6,CHROME_MOBILE,,,,Q1FY17 Press Release_Final,,1,20,2-Jun-2017,12:00:54,,
VIEW,1052884,,ANDROID6,CHROME_MOBILE,,,,Q1FY17 Press Release_Final,,1,30,2-Jun-2017,12:00:42,,
VIEW,1052908,,ANDROID6,CHROME_MOBILE,,,,Q1FY17 Press Release_Final,,1,5,2-Jun-2017,12:00:21,,
SHARE,1052958,1052025,,,"All Users ,FA - GIB ",2-Jun-2017,12:00:18,Q1FY17 Press Release_Final,IOS,0,0,2-Jun-2017,12:00:18,,
VIEW,1052025,,MAC_OS_X_IPHONE,APPLE_WEB_KIT,,,,Q1FY17 Press Release_Final,,1,120,2-Jun-2017,12:00:05,,
SHARE,1052924,1052005,,,"All Users ,FA - GIB ",2-Jun-2017,11:59:51,Press Releases,ANDROID,0,0,2-Jun-2017,11:59:51,,
VIEW,1051893,,MAC_OS_X_IPHONE,APPLE_WEB_KIT,,,,Q1FY17 Press Release_Final,,1,60,2-Jun-2017,11:59:41,,
SHARE,1052875,1051921,,,"All Users ,SFA - Yes First ",2-Jun-2017,11:59:05,Financial Information,ANDROID,0,0,2-Jun-2017,11:59:05,,
VIEW,1051949,,ANDROID6,CHROME_MOBILE,,,,User Manual,,1,10,2-Jun-2017,11:58:15,,
SHARE,1052857,1052029,,,"All Users ,FA - GIB ",2-Jun-2017,11:57:30,Q1FY17 Press Release_Final,ANDROID,0,0,2-Jun-2017,11:57:30,,
VIEW,1051949,,ANDROID6,CHROME_MOBILE,,,,Q1FY17 Press Release_Final,,1,85,2-Jun-2017,11:56:54,,
VIEW,1051981,,ANDROID6,CHROME_MOBILE,,,,Q1FY17 Press Release_Final,,1,85,2-Jun-2017,11:56:51,,
VIEW,1051917,,ANDROID5,CHROME_MOBILE,,,,Q1FY17 Press Release_Final,,1,280,2-Jun-2017,11:56:49,,
VIEW,1051925,,ANDROID5,CHROME_MOBILE,,,,Q1FY17 Press Release_Final,,1,15,2-Jun-2017,11:56:40,,
VIEW,1052001,,ANDROID6,CHROME_MOBILE,,,,Q1FY17 Press Release_Final,,1,160,2-Jun-2017,11:55:49,,
VIEW,1051925,,ANDROID5,CHROME_MOBILE,,,,User Manual,,1,10,2-Jun-2017,11:55:48,,
VIEW,1051917,,ANDROID5,CHROME_MOBILE,,,,FA Introduction Letter,,1,30,2-Jun-2017,11:55:25,,
VIEW,1052009,,ANDROID6,CHROME_MOBILE,,,,Change of Residential Status of Account Holder_Interim Approach,,1,130,2-Jun-2017,11:54:59,,
VIEW,1052009,,ANDROID6,CHROME_MOBILE,,,,Adding Resident as Joint Account Holder,,1,5,2-Jun-2017,11:54:49,,
VIEW,1051917,,ANDROID5,CHROME_MOBILE,,,,YES FIRST Proposition Document,,1,60,2-Jun-2017,11:54:19,,
VIEW,1051925,,ANDROID5,CHROME_MOBILE,,,,YES FIRST Proposition Document,,1,45,2-Jun-2017,11:53:40,,
VIEW,1051925,,ANDROID5,CHROME_MOBILE,,,,FA Introduction Letter,,1,245,2-Jun-2017,11:53:28,,
VIEW,1052009,,ANDROID6,CHROME_MOBILE,,,,"NIL IP - Lower IP approval matrix -  Effective July 18, 2015",,1,90,2-Jun-2017,11:53:12,,
VIEW,1052009,,ANDROID6,CHROME_MOBILE,,,,Annexure for booking forward contract against FCNR (PRP),,1,10,2-Jun-2017,11:52:42,,
VIEW,1052009,,ANDROID6,CHROME_MOBILE,,,,PRP Mailer,,1,5,2-Jun-2017,11:51:42,,
VIEW,1052009,,ANDROID6,CHROME_MOBILE,,,,Table 1,,1,10,2-Jun-2017,11:51:20,,
VIEW,1051929,,MAC_OS_X_IPHONE,APPLE_WEB_KIT,,,,YES FIRST Proposition Document,,1,230,2-Jun-2017,11:50:02,,
VIEW,1052009,,ANDROID6,CHROME_MOBILE,,,,User Manual,,1,90,2-Jun-2017,11:49:44,,
VIEW,1052021,,MAC_OS_X_IPHONE,APPLE_WEB_KIT,,,,User Manual,,1,120,2-Jun-2017,11:46:06,,
VIEW,1052029,,ANDROID6,CHROME_MOBILE,,,,GIB Knowledge Series,,1,10,2-Jun-2017,11:43:03,,
VIEW,1052029,,ANDROID6,CHROME_MOBILE,,,,Process Note - Change in MOP for NRO accounts,,1,5,2-Jun-2017,11:42:43,,
VIEW,1052029,,ANDROID6,CHROME_MOBILE,,,,"NIL IP - Lower IP approval matrix -  Effective July 18, 2015",,1,5,2-Jun-2017,11:42:21,,
VIEW,1052029,,ANDROID6,CHROME_MOBILE,,,,YES REMIT_KNOWLEDGE SERIES,,1,5,2-Jun-2017,11:42:05,,
VIEW,1052029,,ANDROID6,CHROME_MOBILE,,,,Did You Know Series,,1,10,2-Jun-2017,11:41:48,,
SHARE,1052768,1052029,,,"All Users ,FA - GIB ",2-Jun-2017,11:36:11,Q1FY17 Press Release_Final,ANDROID,1,40,2-Jun-2017,11:41:04,,
VIEW,1052029,,ANDROID6,CHROME_MOBILE,,,,Annexure for booking forward contract against FCNR (PRP),,1,15,2-Jun-2017,11:41:01,,
VIEW,1052029,,ANDROID6,CHROME_MOBILE,,,,INR to FCY conversion letter-B,,1,5,2-Jun-2017,11:40:45,,
VIEW,1052029,,ANDROID6,CHROME_MOBILE,,,,Table 2,,1,5,2-Jun-2017,11:40:28,,
VIEW,1052029,,ANDROID6,CHROME_MOBILE,,,,Table 1,,1,40,2-Jun-2017,11:40:20,,
VIEW,1052029,,ANDROID6,CHROME_MOBILE,,,,PRP Mailer,,1,20,2-Jun-2017,11:39:41,,
VIEW,1052768,,ANDROID6,CHROME_MOBILE,,,,Q1FY17 Press Release_Final,,1,40,2-Jun-2017,11:39:32,,
VIEW,1052777,,ANDROID6,CHROME_MOBILE,,,,Q1FY17 Press Release_Final,,1,350,2-Jun-2017,11:38:57,,
SHARE,1052777,1052029,,,"All Users ,FA - GIB ",2-Jun-2017,11:38:13,Q1FY17 Press Release_Final,ANDROID,1,350,2-Jun-2017,11:38:13,,
SHARE,1052768,1052029,,,"All Users ,FA - GIB ",2-Jun-2017,11:37:26,Q1FY17 Press Release_Final,ANDROID,1,40,2-Jun-2017,11:37:26,,
VIEW,1052029,,ANDROID6,CHROME_MOBILE,,,,User Manual,,1,185,2-Jun-2017,11:32:18,,
VIEW,1052029,,ANDROID6,CHROME_MOBILE,,,,Q1FY17 Press Release_Final,,1,225,2-Jun-2017,11:30:50,,
VIEW,1051427,,ANDROID5,CHROME_MOBILE,,,,GIB Knowledge Series,,1,35,2-Jun-2017,11:26:41,,
VIEW,1051985,,ANDROID5,CHROME_MOBILE,,,,YES FIRST and YES FIRST BUSINESS GROUPING Process Note_Mar'17,,1,120,2-Jun-2017,10:47:27,,
VIEW,1051985,,ANDROID5,CHROME_MOBILE,,,,YES FIRST Proposition Document,,1,165,2-Jun-2017,10:46:30,,
VIEW,1051905,,MAC_OS_X_IPHONE,APPLE_WEB_KIT,,,,FA Introduction Letter,,1,65,1-Jun-2017,19:26:09,,
VIEW,1051905,,MAC_OS_X_IPHONE,APPLE_WEB_KIT,,,,YES FIRST Proposition Document,,1,120,1-Jun-2017,19:13:43,,
VIEW,1051953,,ANDROID6,CHROME_MOBILE,,,,CRM User Id Creation,,1,15,1-Jun-2017,18:01:04,,
VIEW,1052013,,ANDROID5,CHROME_MOBILE,,,,YES REMIT_KNOWLEDGE SERIES,,1,5,1-Jun-2017,17:58:17,,
VIEW,1051881,,ANDROID6,CHROME_MOBILE,,,,FA Introduction Letter,,1,20,1-Jun-2017,17:58:05,,
VIEW,1052013,,ANDROID5,CHROME_MOBILE,,,,Table 2,,1,20,1-Jun-2017,17:57:48,,
VIEW,1052013,,ANDROID5,CHROME_MOBILE,,,,Change of Residential Status of Account Holder_Interim Approach,,1,5,1-Jun-2017,17:57:33,,
VIEW,1051953,,ANDROID6,CHROME_MOBILE,,,,Yes First Downgrade Process - FINAL2,,1,75,1-Jun-2017,17:57:18,,
VIEW,1052013,,ANDROID5,CHROME_MOBILE,,,,User Manual,,1,20,1-Jun-2017,17:56:53,,
VIEW,1051953,,ANDROID6,CHROME_MOBILE,,,,YES FIRST and YES FIRST BUSINESS GROUPING Process Note_Mar'17,,1,25,1-Jun-2017,17:56:41,,
VIEW,1052013,,ANDROID5,CHROME_MOBILE,,,,Permissible Credits Debits in NRE NRO Accounts,,1,10,1-Jun-2017,17:56:12,,
VIEW,1052013,,ANDROID5,CHROME_MOBILE,,,,Verification of KYC documents through Webcam for GIB account opening,,1,10,1-Jun-2017,17:55:55,,
VIEW,1051953,,ANDROID6,CHROME_MOBILE,,,,YES FIRST Proposition Document,,1,45,1-Jun-2017,17:55:52,,
VIEW,1052013,,ANDROID5,CHROME_MOBILE,,,,Adding Resident as Joint Account Holder,,1,80,1-Jun-2017,17:54:24,,
VIEW,1052013,,ANDROID5,CHROME_MOBILE,,,,"NIL IP - Lower IP approval matrix -  Effective July 18, 2015",,1,140,1-Jun-2017,17:53:58,,
VIEW,1051953,,ANDROID6,CHROME_MOBILE,,,,User Manual,,1,105,1-Jun-2017,17:52:52,,
VIEW,1051953,,ANDROID6,CHROME_MOBILE,,,,Annual Report.pdf,,1,15,1-Jun-2017,17:52:08,,
VIEW,1052013,,ANDROID5,CHROME_MOBILE,,,,Q1FY17 Press Release_Final,,1,105,1-Jun-2017,17:51:48,,
VIEW,1051953,,ANDROID6,CHROME_MOBILE,,,,Annual Report.pdf,,1,20,1-Jun-2017,17:51:36,,
VIEW,1052013,,ANDROID5,CHROME_MOBILE,,,,PRP Mailer,,1,20,1-Jun-2017,17:51:23,,
VIEW,1051961,,ANDROID6,CHROME_MOBILE,,,,YES FIRST Proposition Document,,1,110,1-Jun-2017,17:22:40,,
VIEW,1051961,,ANDROID6,CHROME_MOBILE,,,,FA Introduction Letter,,1,30,1-Jun-2017,17:21:53,,
VIEW,1051961,,ANDROID6,CHROME_MOBILE,,,,Yes First Downgrade Process - FINAL2,,1,5,1-Jun-2017,17:21:32,,
VIEW,1051961,,ANDROID6,CHROME_MOBILE,,,,Annual Report.pdf,,1,10,1-Jun-2017,17:21:11,,
VIEW,1051961,,ANDROID6,CHROME_MOBILE,,,,Annual Report.pdf,,1,25,1-Jun-2017,17:20:33,,
VIEW,1051961,,ANDROID6,CHROME_MOBILE,,,,User Manual,,1,75,1-Jun-2017,17:17:35,,
VIEW,1051961,,ANDROID6,CHROME_MOBILE,,,,Q1FY17 Press Release_Final,,1,10,1-Jun-2017,17:17:14,,
VIEW,1052349,,MAC_OS_X_IPHONE,APPLE_WEB_KIT,,,,User Manual,,1,115,1-Jun-2017,15:30:02,,
VIEW,1052349,,MAC_OS_X_IPHONE,APPLE_WEB_KIT,,,,User Manual,,1,105,1-Jun-2017,15:27:58,,
SHARE,1052631,1052349,,,All Users ,1-Jun-2017,10:19:22,Q1FY17 Press Release_Final,IOS,0,0,1-Jun-2017,10:19:22,,
SHARE,1052623,1052349,,,All Users ,1-Jun-2017,10:17:21,Q1FY17 Press Release_Final,IOS,0,0,1-Jun-2017,10:17:21,,
SHARE,1052615,1052349,,,All Users ,1-Jun-2017,10:16:40,Q1FY17 Press Release_Final,IOS,0,0,1-Jun-2017,10:16:40,,
VIEW,1052471,,MAC_OS_X,CHROME,,,,FAQs - Yes PULSE,,1,20,1-Jun-2017,10:07:56,,
VIEW,1052471,,MAC_OS_X,CHROME,,,,FA Introduction Letter,,1,150,1-Jun-2017,10:06:27,,